Ocean,Seas,Oceans,,,,,,,,,
Water,Lakes,Rivers,,,,,,,,,
Forest,Forests,Jungles,,,,,,,,,
Heat,Wasteland,,,,,,,,,,
Rocky,Mountains,Badlands,,,,,,,,,
Field,Fields,Savannas,,,,,,,,,
Underground,Caves,Canyons,,,,,,,,,
Swamp,Swamps,,,,,,,,,,
Urban,Urban Areas,Urban Outskirts,,,,,,,,,
Ghost,Ruins,Cemeteries,Abandoned Buildings,,,,,,,,
Cold,Tundras,Snowy Mountains,Glaciers,Polar Seas,Boreal Forests,Icy Caves,,,,,
Unique,Meteor Crash Sites,Dragon Lake,Lago Dos Slowpoke,Weather Stations,Polluted Areas,Areas With Electrical Activity,Orchards,Meadows,Labs,Volcanoes,Fossil
